-- phpMyAdmin SQL Dump
-- version 4.8.4
-- https://www.phpmyadmin.net/
--
-- Host: 127.0.0.1:3306
-- Generation Time: Dec 03, 2019 at 04:18 PM
-- Server version: 5.7.24
-- PHP Version: 7.2.14

SET SQL_MODE = "NO_AUTO_VALUE_ON_ZERO";
SET AUTOCOMMIT = 0;
START TRANSACTION;
SET time_zone = "+00:00";


/*!40101 SET @OLD_CHARACTER_SET_CLIENT=@@CHARACTER_SET_CLIENT */;
/*!40101 SET @OLD_CHARACTER_SET_RESULTS=@@CHARACTER_SET_RESULTS */;
/*!40101 SET @OLD_COLLATION_CONNECTION=@@COLLATION_CONNECTION */;
/*!40101 SET NAMES utf8mb4 */;

--
-- Database: `projdb`
--

-- --------------------------------------------------------

--
-- Table structure for table `admin_details`
--

DROP TABLE IF EXISTS `admin_details`;
CREATE TABLE IF NOT EXISTS `admin_details` (
  `username` varchar(30) NOT NULL,
  `password` varchar(30) NOT NULL,
  PRIMARY KEY (`username`)
) ENGINE=InnoDB DEFAULT CHARSET=utf8;

--
-- Dumping data for table `admin_details`
--

INSERT INTO `admin_details` (`username`, `password`) VALUES
('admin', 'admin123');

-- --------------------------------------------------------

--
-- Table structure for table `authors`
--

DROP TABLE IF EXISTS `authors`;
CREATE TABLE IF NOT EXISTS `authors` (
  `id` int(11) NOT NULL AUTO_INCREMENT,
  `name` varchar(30) NOT NULL,
  `info` text NOT NULL,
  `image_file` varchar(100) NOT NULL,
  PRIMARY KEY (`id`)
) ENGINE=InnoDB AUTO_INCREMENT=3 DEFAULT CHARSET=utf8;

--
-- Dumping data for table `authors`
--

INSERT INTO `authors` (`id`, `name`, `info`, `image_file`) VALUES
(1, 'George Washington', 'Lorem ipsum dolor sit amet, consectetur adipisicing elit. Ducimus itaque, autem necessitatibus voluptate quod mollitia delectus aut, sunt placeat nam vero culpa sapiente consectetur similique, inventore eos fugit cupiditate numquam!', 'person_1.jpg'),
(2, ' John Doe', 'Lorem ipsum dolor sit amet, consectetur adipisicing elit. Ducimus itaque, autem necessitatibus voluptate quod mollitia delectus aut, sunt placeat nam vero culpa sapiente consectetur similique, inventore eos fugit cupiditate numquam!', 'person_2.jpg');

-- --------------------------------------------------------

--
-- Table structure for table `blogs`
--

DROP TABLE IF EXISTS `blogs`;
CREATE TABLE IF NOT EXISTS `blogs` (
  `blog_id` int(11) NOT NULL AUTO_INCREMENT,
  `title` varchar(100) NOT NULL,
  `_date` date NOT NULL,
  `category` varchar(30) NOT NULL,
  `description` text NOT NULL,
  `image_file` varchar(100) NOT NULL,
  `author_id` int(11) NOT NULL,
  PRIMARY KEY (`blog_id`)
) ENGINE=InnoDB AUTO_INCREMENT=10 DEFAULT CHARSET=utf8;

--
-- Dumping data for table `blogs`
--

INSERT INTO `blogs` (`blog_id`, `title`, `_date`, `category`, `description`, `image_file`, `author_id`) VALUES
(1, 'The Photography Technique', '2019-05-22', 'Photography', 'Lorem ipsum dolor sit amet, consectetur adipisicing elit. Reiciendis, eius mollitia suscipit, quisquam doloremque distinctio perferendis et doloribus unde architecto optio laboriosam porro adipisci sapiente officiis nemo accusamus ad praesentium? Esse minima nisi et. Dolore perferendis, enim praesentium omnis, iste doloremque quia officia optio deserunt molestiae voluptates soluta architecto tempora.</p>\r\n	            <p>\r\n	              <img src=\"images/image_1.jpg\" alt=\"\" class=\"img-fluid\">\r\n	            </p>\r\n	            <p>Molestiae cupiditate inventore animi, maxime sapiente optio, illo est nemo veritatis repellat sunt doloribus nesciunt! Minima laborum magni reiciendis qui voluptate quisquam voluptatem soluta illo eum ullam incidunt rem assumenda eveniet eaque sequi deleniti tenetur dolore amet fugit perspiciatis ipsa, odit. Nesciunt dolor minima esse vero ut ea, repudiandae suscipit!</p>\r\n	            <h2 class=\"mb-3 mt-5 font-weight-bold\">#2. Creative WordPress Themes</h2>\r\n	            <p>Temporibus ad error suscipit exercitationem hic molestiae totam obcaecati rerum, eius aut, in. Exercitationem atque quidem tempora maiores ex architecto voluptatum aut officia doloremque. Error dolore voluptas, omnis molestias odio dignissimos culpa ex earum nisi consequatur quos odit quasi repellat qui officiis reiciendis incidunt hic non? Debitis commodi aut, adipisci.</p>\r\n	            <p>\r\n	              <img src=\"images/image_2.jpg\" alt=\"\" class=\"img-fluid\">\r\n	            </p>\r\n	            <p>Quisquam esse aliquam fuga distinctio, quidem delectus veritatis reiciendis. Nihil explicabo quod, est eos ipsum. Unde aut non tenetur tempore, nisi culpa voluptate maiores officiis quis vel ab consectetur suscipit veritatis nulla quos quia aspernatur perferendis, libero sint. Error, velit, porro. Deserunt minus, quibusdam iste enim veniam, modi rem maiores.</p>\r\n	            <p>Odit voluptatibus, eveniet vel nihil cum ullam dolores laborum, quo velit commodi rerum eum quidem pariatur! Quia fuga iste tenetur, ipsa vel nisi in dolorum consequatur, veritatis porro explicabo soluta commodi libero voluptatem similique id quidem? Blanditiis voluptates aperiam non magni. Reprehenderit nobis odit inventore, quia laboriosam harum excepturi ea.</p>\r\n	            <p>Adipisci vero culpa, eius nobis soluta. Dolore, maxime ullam ipsam quidem, dolor distinctio similique asperiores voluptas enim, exercitationem ratione aut adipisci modi quod quibusdam iusto, voluptates beatae iure nemo itaque laborum. Consequuntur et pariatur totam fuga eligendi vero dolorum provident. Voluptatibus, veritatis. Beatae numquam nam ab voluptatibus culpa, tenetur recusandae!</p>\r\n	            <p>Voluptas dolores dignissimos dolorum temporibus, autem aliquam ducimus at officia adipisci quasi nemo a perspiciatis provident magni laboriosam repudiandae iure iusto commodi debitis est blanditiis alias laborum sint dolore. Dolores, iure, reprehenderit. Error provident, pariatur cupiditate soluta doloremque aut ratione. Harum voluptates mollitia illo minus praesentium, rerum ipsa debitis, inventore?', 'image_1.jpg', 1),
(2, 'The Photography Technique', '2019-05-22', 'Fashion', 'Lorem ipsum dolor sit amet, consectetur adipisicing elit. Reiciendis, eius mollitia suscipit, quisquam doloremque distinctio perferendis et doloribus unde architecto optio laboriosam porro adipisci sapiente officiis nemo accusamus ad praesentium? Esse minima nisi et. Dolore perferendis, enim praesentium omnis, iste doloremque quia officia optio deserunt molestiae voluptates soluta architecto tempora.</p>\r\n	            <p>\r\n	              <img src=\"images/image_1.jpg\" alt=\"\" class=\"img-fluid\">\r\n	            </p>\r\n	            <p>Molestiae cupiditate inventore animi, maxime sapiente optio, illo est nemo veritatis repellat sunt doloribus nesciunt! Minima laborum magni reiciendis qui voluptate quisquam voluptatem soluta illo eum ullam incidunt rem assumenda eveniet eaque sequi deleniti tenetur dolore amet fugit perspiciatis ipsa, odit. Nesciunt dolor minima esse vero ut ea, repudiandae suscipit!</p>\r\n	            <h2 class=\"mb-3 mt-5 font-weight-bold\">#2. Creative WordPress Themes</h2>\r\n	            <p>Temporibus ad error suscipit exercitationem hic molestiae totam obcaecati rerum, eius aut, in. Exercitationem atque quidem tempora maiores ex architecto voluptatum aut officia doloremque. Error dolore voluptas, omnis molestias odio dignissimos culpa ex earum nisi consequatur quos odit quasi repellat qui officiis reiciendis incidunt hic non? Debitis commodi aut, adipisci.</p>\r\n	            <p>\r\n	              <img src=\"images/image_2.jpg\" alt=\"\" class=\"img-fluid\">\r\n	            </p>\r\n	            <p>Quisquam esse aliquam fuga distinctio, quidem delectus veritatis reiciendis. Nihil explicabo quod, est eos ipsum. Unde aut non tenetur tempore, nisi culpa voluptate maiores officiis quis vel ab consectetur suscipit veritatis nulla quos quia aspernatur perferendis, libero sint. Error, velit, porro. Deserunt minus, quibusdam iste enim veniam, modi rem maiores.</p>\r\n	            <p>Odit voluptatibus, eveniet vel nihil cum ullam dolores laborum, quo velit commodi rerum eum quidem pariatur! Quia fuga iste tenetur, ipsa vel nisi in dolorum consequatur, veritatis porro explicabo soluta commodi libero voluptatem similique id quidem? Blanditiis voluptates aperiam non magni. Reprehenderit nobis odit inventore, quia laboriosam harum excepturi ea.</p>\r\n	            <p>Adipisci vero culpa, eius nobis soluta. Dolore, maxime ullam ipsam quidem, dolor distinctio similique asperiores voluptas enim, exercitationem ratione aut adipisci modi quod quibusdam iusto, voluptates beatae iure nemo itaque laborum. Consequuntur et pariatur totam fuga eligendi vero dolorum provident. Voluptatibus, veritatis. Beatae numquam nam ab voluptatibus culpa, tenetur recusandae!</p>\r\n	            <p>Voluptas dolores dignissimos dolorum temporibus, autem aliquam ducimus at officia adipisci quasi nemo a perspiciatis provident magni laboriosam repudiandae iure iusto commodi debitis est blanditiis alias laborum sint dolore. Dolores, iure, reprehenderit. Error provident, pariatur cupiditate soluta doloremque aut ratione. Harum voluptates mollitia illo minus praesentium, rerum ipsa debitis, inventore?', 'image_2.jpg', 2),
(3, 'The Photography Technique', '2019-05-22', 'Fashion', 'Lorem ipsum dolor sit amet, consectetur adipisicing elit. Reiciendis, eius mollitia suscipit, quisquam doloremque distinctio perferendis et doloribus unde architecto optio laboriosam porro adipisci sapiente officiis nemo accusamus ad praesentium? Esse minima nisi et. Dolore perferendis, enim praesentium omnis, iste doloremque quia officia optio deserunt molestiae voluptates soluta architecto tempora.</p>\r\n	            <p>\r\n	              <img src=\"images/image_1.jpg\" alt=\"\" class=\"img-fluid\">\r\n	            </p>\r\n	            <p>Molestiae cupiditate inventore animi, maxime sapiente optio, illo est nemo veritatis repellat sunt doloribus nesciunt! Minima laborum magni reiciendis qui voluptate quisquam voluptatem soluta illo eum ullam incidunt rem assumenda eveniet eaque sequi deleniti tenetur dolore amet fugit perspiciatis ipsa, odit. Nesciunt dolor minima esse vero ut ea, repudiandae suscipit!</p>\r\n	            <h2 class=\"mb-3 mt-5 font-weight-bold\">#2. Creative WordPress Themes</h2>\r\n	            <p>Temporibus ad error suscipit exercitationem hic molestiae totam obcaecati rerum, eius aut, in. Exercitationem atque quidem tempora maiores ex architecto voluptatum aut officia doloremque. Error dolore voluptas, omnis molestias odio dignissimos culpa ex earum nisi consequatur quos odit quasi repellat qui officiis reiciendis incidunt hic non? Debitis commodi aut, adipisci.</p>\r\n	            <p>\r\n	              <img src=\"images/image_2.jpg\" alt=\"\" class=\"img-fluid\">\r\n	            </p>\r\n	            <p>Quisquam esse aliquam fuga distinctio, quidem delectus veritatis reiciendis. Nihil explicabo quod, est eos ipsum. Unde aut non tenetur tempore, nisi culpa voluptate maiores officiis quis vel ab consectetur suscipit veritatis nulla quos quia aspernatur perferendis, libero sint. Error, velit, porro. Deserunt minus, quibusdam iste enim veniam, modi rem maiores.</p>\r\n	            <p>Odit voluptatibus, eveniet vel nihil cum ullam dolores laborum, quo velit commodi rerum eum quidem pariatur! Quia fuga iste tenetur, ipsa vel nisi in dolorum consequatur, veritatis porro explicabo soluta commodi libero voluptatem similique id quidem? Blanditiis voluptates aperiam non magni. Reprehenderit nobis odit inventore, quia laboriosam harum excepturi ea.</p>\r\n	            <p>Adipisci vero culpa, eius nobis soluta. Dolore, maxime ullam ipsam quidem, dolor distinctio similique asperiores voluptas enim, exercitationem ratione aut adipisci modi quod quibusdam iusto, voluptates beatae iure nemo itaque laborum. Consequuntur et pariatur totam fuga eligendi vero dolorum provident. Voluptatibus, veritatis. Beatae numquam nam ab voluptatibus culpa, tenetur recusandae!</p>\r\n	            <p>Voluptas dolores dignissimos dolorum temporibus, autem aliquam ducimus at officia adipisci quasi nemo a perspiciatis provident magni laboriosam repudiandae iure iusto commodi debitis est blanditiis alias laborum sint dolore. Dolores, iure, reprehenderit. Error provident, pariatur cupiditate soluta doloremque aut ratione. Harum voluptates mollitia illo minus praesentium, rerum ipsa debitis, inventore?', 'image_3.jpg', 1),
(4, 'The Photography Technique', '2019-05-22', 'Travel', 'Lorem ipsum dolor sit amet, consectetur adipisicing elit. Reiciendis, eius mollitia suscipit, quisquam doloremque distinctio perferendis et doloribus unde architecto optio laboriosam porro adipisci sapiente officiis nemo accusamus ad praesentium? Esse minima nisi et. Dolore perferendis, enim praesentium omnis, iste doloremque quia officia optio deserunt molestiae voluptates soluta architecto tempora.</p>\r\n	            <p>\r\n	              <img src=\"images/image_1.jpg\" alt=\"\" class=\"img-fluid\">\r\n	            </p>\r\n	            <p>Molestiae cupiditate inventore animi, maxime sapiente optio, illo est nemo veritatis repellat sunt doloribus nesciunt! Minima laborum magni reiciendis qui voluptate quisquam voluptatem soluta illo eum ullam incidunt rem assumenda eveniet eaque sequi deleniti tenetur dolore amet fugit perspiciatis ipsa, odit. Nesciunt dolor minima esse vero ut ea, repudiandae suscipit!</p>\r\n	            <h2 class=\"mb-3 mt-5 font-weight-bold\">#2. Creative WordPress Themes</h2>\r\n	            <p>Temporibus ad error suscipit exercitationem hic molestiae totam obcaecati rerum, eius aut, in. Exercitationem atque quidem tempora maiores ex architecto voluptatum aut officia doloremque. Error dolore voluptas, omnis molestias odio dignissimos culpa ex earum nisi consequatur quos odit quasi repellat qui officiis reiciendis incidunt hic non? Debitis commodi aut, adipisci.</p>\r\n	            <p>\r\n	              <img src=\"images/image_2.jpg\" alt=\"\" class=\"img-fluid\">\r\n	            </p>\r\n	            <p>Quisquam esse aliquam fuga distinctio, quidem delectus veritatis reiciendis. Nihil explicabo quod, est eos ipsum. Unde aut non tenetur tempore, nisi culpa voluptate maiores officiis quis vel ab consectetur suscipit veritatis nulla quos quia aspernatur perferendis, libero sint. Error, velit, porro. Deserunt minus, quibusdam iste enim veniam, modi rem maiores.</p>\r\n	            <p>Odit voluptatibus, eveniet vel nihil cum ullam dolores laborum, quo velit commodi rerum eum quidem pariatur! Quia fuga iste tenetur, ipsa vel nisi in dolorum consequatur, veritatis porro explicabo soluta commodi libero voluptatem similique id quidem? Blanditiis voluptates aperiam non magni. Reprehenderit nobis odit inventore, quia laboriosam harum excepturi ea.</p>\r\n	            <p>Adipisci vero culpa, eius nobis soluta. Dolore, maxime ullam ipsam quidem, dolor distinctio similique asperiores voluptas enim, exercitationem ratione aut adipisci modi quod quibusdam iusto, voluptates beatae iure nemo itaque laborum. Consequuntur et pariatur totam fuga eligendi vero dolorum provident. Voluptatibus, veritatis. Beatae numquam nam ab voluptatibus culpa, tenetur recusandae!</p>\r\n	            <p>Voluptas dolores dignissimos dolorum temporibus, autem aliquam ducimus at officia adipisci quasi nemo a perspiciatis provident magni laboriosam repudiandae iure iusto commodi debitis est blanditiis alias laborum sint dolore. Dolores, iure, reprehenderit. Error provident, pariatur cupiditate soluta doloremque aut ratione. Harum voluptates mollitia illo minus praesentium, rerum ipsa debitis, inventore?', 'image_4.jpg', 2),
(5, 'The Photography Technique', '2019-05-22', 'Travel', 'Lorem ipsum dolor sit amet, consectetur adipisicing elit. Reiciendis, eius mollitia suscipit, quisquam doloremque distinctio perferendis et doloribus unde architecto optio laboriosam porro adipisci sapiente officiis nemo accusamus ad praesentium? Esse minima nisi et. Dolore perferendis, enim praesentium omnis, iste doloremque quia officia optio deserunt molestiae voluptates soluta architecto tempora.</p>\r\n	            <p>\r\n	              <img src=\"images/image_1.jpg\" alt=\"\" class=\"img-fluid\">\r\n	            </p>\r\n	            <p>Molestiae cupiditate inventore animi, maxime sapiente optio, illo est nemo veritatis repellat sunt doloribus nesciunt! Minima laborum magni reiciendis qui voluptate quisquam voluptatem soluta illo eum ullam incidunt rem assumenda eveniet eaque sequi deleniti tenetur dolore amet fugit perspiciatis ipsa, odit. Nesciunt dolor minima esse vero ut ea, repudiandae suscipit!</p>\r\n	            <h2 class=\"mb-3 mt-5 font-weight-bold\">#2. Creative WordPress Themes</h2>\r\n	            <p>Temporibus ad error suscipit exercitationem hic molestiae totam obcaecati rerum, eius aut, in. Exercitationem atque quidem tempora maiores ex architecto voluptatum aut officia doloremque. Error dolore voluptas, omnis molestias odio dignissimos culpa ex earum nisi consequatur quos odit quasi repellat qui officiis reiciendis incidunt hic non? Debitis commodi aut, adipisci.</p>\r\n	            <p>\r\n	              <img src=\"images/image_2.jpg\" alt=\"\" class=\"img-fluid\">\r\n	            </p>\r\n	            <p>Quisquam esse aliquam fuga distinctio, quidem delectus veritatis reiciendis. Nihil explicabo quod, est eos ipsum. Unde aut non tenetur tempore, nisi culpa voluptate maiores officiis quis vel ab consectetur suscipit veritatis nulla quos quia aspernatur perferendis, libero sint. Error, velit, porro. Deserunt minus, quibusdam iste enim veniam, modi rem maiores.</p>\r\n	            <p>Odit voluptatibus, eveniet vel nihil cum ullam dolores laborum, quo velit commodi rerum eum quidem pariatur! Quia fuga iste tenetur, ipsa vel nisi in dolorum consequatur, veritatis porro explicabo soluta commodi libero voluptatem similique id quidem? Blanditiis voluptates aperiam non magni. Reprehenderit nobis odit inventore, quia laboriosam harum excepturi ea.</p>\r\n	            <p>Adipisci vero culpa, eius nobis soluta. Dolore, maxime ullam ipsam quidem, dolor distinctio similique asperiores voluptas enim, exercitationem ratione aut adipisci modi quod quibusdam iusto, voluptates beatae iure nemo itaque laborum. Consequuntur et pariatur totam fuga eligendi vero dolorum provident. Voluptatibus, veritatis. Beatae numquam nam ab voluptatibus culpa, tenetur recusandae!</p>\r\n	            <p>Voluptas dolores dignissimos dolorum temporibus, autem aliquam ducimus at officia adipisci quasi nemo a perspiciatis provident magni laboriosam repudiandae iure iusto commodi debitis est blanditiis alias laborum sint dolore. Dolores, iure, reprehenderit. Error provident, pariatur cupiditate soluta doloremque aut ratione. Harum voluptates mollitia illo minus praesentium, rerum ipsa debitis, inventore?', 'image_5.jpg', 1),
(9, 'New Blog', '2019-08-14', 'Fashion', 'jdlakdasjdasld dklas dajd ljdasjdjasljdaljdkajasdjas a ajdlaksjdla jdlajdasjdlkajdas asdlksajdd la jdlajdjaadklajalsjdajad j', '221622645-wallpapers-for-games.jpg', 2);

-- --------------------------------------------------------

--
-- Table structure for table `images`
--

DROP TABLE IF EXISTS `images`;
CREATE TABLE IF NOT EXISTS `images` (
  `file_name` varchar(100) NOT NULL,
  PRIMARY KEY (`file_name`)
) ENGINE=InnoDB DEFAULT CHARSET=utf8;

--
-- Dumping data for table `images`
--

INSERT INTO `images` (`file_name`) VALUES
('7_Quantum-Break.jpg'),
('Astro.png'),
('gameswallpaper-15.jpg'),
('image_1.jpg'),
('image_10.jpg'),
('image_11.jpg'),
('image_12.jpg'),
('image_2.jpg'),
('image_3.jpg'),
('image_4.jpg'),
('image_5.jpg'),
('image_6.jpg'),
('image_7.jpg'),
('image_8.jpg'),
('image_9.jpg'),
('Screenshot_2.png');

-- --------------------------------------------------------

--
-- Table structure for table `staff`
--

DROP TABLE IF EXISTS `staff`;
CREATE TABLE IF NOT EXISTS `staff` (
  `name` varchar(25) NOT NULL,
  `position` varchar(50) NOT NULL,
  `description` text NOT NULL,
  `image_file` varchar(100) NOT NULL,
  `staff_id` int(11) NOT NULL AUTO_INCREMENT,
  PRIMARY KEY (`staff_id`)
) ENGINE=InnoDB AUTO_INCREMENT=8 DEFAULT CHARSET=utf8;

--
-- Dumping data for table `staff`
--

INSERT INTO `staff` (`name`, `position`, `description`, `image_file`, `staff_id`) VALUES
('Edward lanceri', 'Photographer', 'lorem pasom asadd', 'person_1.jpg', 1),
('Simon Will', 'Photo Specialists', 'I am an ambitious workaholic, but apart from that, pretty simple person. I am an ambitious workaholic, but apart from that, pretty simple person.', 'person_3.jpg', 2),
('Brian Adam', 'Photographer', 'I am an ambitious workaholic, but apart from that, pretty simple person.', 'person_2.jpg', 3),
('Edward Howard', 'Graphic Designer', 'I am an ambitious workaholic, but apart from that, pretty simple person.', 'person_4.jpg', 4),
('Shamyl bin Tariq', 'Co-Founder', 'Beast!', 'dummy.jpg', 6),
('Alpha', 'Director', 'Lorem Apsom', 'dummy.jpg', 7);

-- --------------------------------------------------------

--
-- Table structure for table `user_details`
--

DROP TABLE IF EXISTS `user_details`;
CREATE TABLE IF NOT EXISTS `user_details` (
  `username` varchar(20) NOT NULL,
  `password` varchar(20) NOT NULL,
  PRIMARY KEY (`username`)
) ENGINE=InnoDB DEFAULT CHARSET=utf8;

--
-- Dumping data for table `user_details`
--

INSERT INTO `user_details` (`username`, `password`) VALUES
('abcd', '1234'),
('jman', '3698'),
('qwerty', '321');
COMMIT;

/*!40101 SET CHARACTER_SET_CLIENT=@OLD_CHARACTER_SET_CLIENT */;
/*!40101 SET CHARACTER_SET_RESULTS=@OLD_CHARACTER_SET_RESULTS */;
/*!40101 SET COLLATION_CONNECTION=@OLD_COLLATION_CONNECTION */;
